[
  {
    "question": "What is Lorem Ipsum?",
    "answer": "Lorem Ipsum is simply dummy text of the printing and typesetting industry. Lorem Ipsum has been the industry's standard dummy text ever since the 1500s, when an unknown printer took a galley of type and scrambled it to make a type specimen book.",
    "id": "1",
    "image": "../images/avatar.jpg"
  },
  {
    "question": "Where does it come from?",
    "answer": "Contrary to popular belief, Lorem Ipsum is not simply random text. It has roots in a piece of classical Latin literature from 45 BC, making it over 2000 years old.",
    "id": "2",
    "image": "../images/avatar.jpg"
  },
  {
    "question": "Why do we use it?",
    "answer": "It is a long established fact that a reader will be distracted by the readable content of a page when looking at its layout. The point of using Lorem Ipsum is that it has a more-or-less normal distribution of letters, as opposed to using 'Content here, content here.'",
    "id": "3",
    "image": "../images/avatar.jpg"
  },
  {
    "question": "Where can I get some?",
    "answer": "There are many variations of passages of Lorem Ipsum available, but the majority have suffered alteration in some form, by injected humour, or randomised words which don't look even slightly believable.",
    "id": "4",
    "image": "../images/avatar.jpg"
  },
  {
    "question": "What is Lorem Ipsum?",
    "answer": "It has survived not only five centuries, but also the leap into electronic typesetting, remaining essentially unchanged. It was popularised in the 1960s with the release of Letraset sheets containing.",
    "id": "5",
    "image": "../images/avatar.jpg"
  },
  {
    "question": "Where does it come from?",
    "answer": "The standard chunk of Lorem Ipsum used since the 1500s is reproduced below for those interested. Sections 1.10.32 and 1.10.33 from \"de Finibus Bonorum et Malorum\" by Cicero are also reproduced in their exact original form, accompanied by English versions from the 1914 translation by H. Rackham.",
    "id": "6",
    "image": "../images/avatar.jpg"
  },
  {
    "question": "Why do we use it?",
    "answer": "Many desktop publishing packages and web page editors now use Lorem Ipsum as their default model text, and a search for 'lorem ipsum' will uncover many web sites still in their infancy. Various versions have evolved over the years, sometimes by accident, sometimes on purpose (injected humour and the like).",
    "id": "7",
    "image": "../images/avatar.jpg"
  }
]
