[
  {
    "img": "../images/user2.jpg",
    "username": "User1",
    "hash": "0e8724*******2ccfa1ccb",
    "user_account": "https://example.com/user1",
    "user_trans": "https://example.com/trans1",
    "ton": 33
  },
  {
    "img": "../images/user2.jpg",
    "username": "User2",
    "hash": "0e8724*******2ccfa1ccb",
    "user_account": "https://example.com/user2",
    "user_trans": "https://example.com/trans2",
    "ton": 23
  },
  {
    "img": "../images/user2.jpg",
    "username": "User3",
    "hash": "1a8724*******2ccfa1ccb",
    "user_account": "https://example.com/user3",
    "user_trans": "https://example.com/trans3",
    "ton": 40
  },
  {
    "img": "../images/user2.jpg",
    "username": "User4",
    "hash": "2b8724*******2ccfa1ccb",
    "user_account": "https://example.com/user4",
    "user_trans": "https://example.com/trans4",
    "ton": 25
  },
  {
    "img": "../images/user2.jpg",
    "username": "User5",
    "hash": "3c8724*******2ccfa1ccb",
    "user_account": "https://example.com/user5",
    "user_trans": "https://example.com/trans5",
    "ton": 50
  },
  {
    "img": "../images/user2.jpg",
    "username": "User6",
    "hash": "4d8724*******2ccfa1ccb",
    "user_account": "https://example.com/user6",
    "user_trans": "https://example.com/trans6",
    "ton": 60
  },
  {
    "img": "../images/user2.jpg",
    "username": "User7",
    "hash": "5e8724*******2ccfa1ccb",
    "user_account": "https://example.com/user7",
    "user_trans": "https://example.com/trans7",
    "ton": 15
  },
  {
    "img": "../images/user2.jpg",
    "username": "User8",
    "hash": "6f8724*******2ccfa1ccb",
    "user_account": "https://example.com/user8",
    "user_trans": "https://example.com/trans8",
    "ton": 45
  },
  {
    "img": "../images/user2.jpg",
    "username": "User9",
    "hash": "7g8724*******2ccfa1ccb",
    "user_account": "https://example.com/user9",
    "user_trans": "https://example.com/trans9",
    "ton": 55
  },
  {
    "img": "../images/user2.jpg",
    "username": "User10",
    "hash": "8h8724*******2ccfa1ccb",
    "user_account": "https://example.com/user10",
    "user_trans": "https://example.com/trans10",
    "ton": 20
  },
  {
    "img": "../images/user2.jpg",
    "username": "User11",
    "hash": "9i8724*******2ccfa1ccb",
    "user_account": "https://example.com/user11",
    "user_trans": "https://example.com/trans11",
    "ton": 35
  },
  {
    "img": "../images/user2.jpg",
    "username": "User12",
    "hash": "10j8724*******2ccfa1ccb",
    "user_account": "https://example.com/user12",
    "user_trans": "https://example.com/trans12",
    "ton": 25
  },
  {
    "img": "../images/user2.jpg",
    "username": "User13",
    "hash": "11k8724*******2ccfa1ccb",
    "user_account": "https://example.com/user13",
    "user_trans": "https://example.com/trans13",
    "ton": 30
  },
  {
    "img": "../images/user2.jpg",
    "username": "User14",
    "hash": "12l8724*******2ccfa1ccb",
    "user_account": "https://example.com/user14",
    "user_trans": "https://example.com/trans14",
    "ton": 45
  },
  {
    "img": "../images/user2.jpg",
    "username": "User15",
    "hash": "13m8724*******2ccfa1ccb",
    "user_account": "https://example.com/user15",
    "user_trans": "https://example.com/trans15",
    "ton": 40
  },
  {
    "img": "../images/user2.jpg",
    "username": "User16",
    "hash": "14n8724*******2ccfa1ccb",
    "user_account": "https://example.com/user16",
    "user_trans": "https://example.com/trans16",
    "ton": 50
  },
  {
    "img": "../images/user2.jpg",
    "username": "User17",
    "hash": "15o8724*******2ccfa1ccb",
    "user_account": "https://example.com/user17",
    "user_trans": "https://example.com/trans17",
    "ton": 20
  },
  {
    "img": "../images/user2.jpg",
    "username": "User18",
    "hash": "16p8724*******2ccfa1ccb",
    "user_account": "https://example.com/user18",
    "user_trans": "https://example.com/trans18",
    "ton": 60
  },
  {
    "img": "../images/user2.jpg",
    "username": "User19",
    "hash": "17q8724*******2ccfa1ccb",
    "user_account": "https://example.com/user19",
    "user_trans": "https://example.com/trans19",
    "ton": 45
  },
  {
    "img": "../images/user2.jpg",
    "username": "User20",
    "hash": "18r8724*******2ccfa1ccb",
    "user_account": "https://example.com/user20",
    "user_trans": "https://example.com/trans20",
    "ton": 30
  },
  {
    "img": "../images/user2.jpg",
    "username": "User21",
    "hash": "19s8724*******2ccfa1ccb",
    "user_account": "https://example.com/user21",
    "user_trans": "https://example.com/trans21",
    "ton": 50
  },
  {
    "img": "../images/user2.jpg",
    "username": "User22",
    "hash": "20t8724*******2ccfa1ccb",
    "user_account": "https://example.com/user22",
    "user_trans": "https://example.com/trans22",
    "ton": 35
  },
  {
    "img": "../images/user2.jpg",
    "username": "User23",
    "hash": "21u8724*******2ccfa1ccb",
    "user_account": "https://example.com/user23",
    "user_trans": "https://example.com/trans23",
    "ton": 25
  },
  {
    "img": "../images/user2.jpg",
    "username": "User24",
    "hash": "22v8724*******2ccfa1ccb",
    "user_account": "https://example.com/user24",
    "user_trans": "https://example.com/trans24",
    "ton": 45
  },
  {
    "img": "../images/user2.jpg",
    "username": "User25",
    "hash": "23w8724*******2ccfa1ccb",
    "user_account": "https://example.com/user25",
    "user_trans": "https://example.com/trans25",
    "ton": 40
  },
  
  {
    "img": "../images/user2.jpg",
    "username": "User2",
    "hash": "0e8724*******2ccfa1ccb",
    "user_account": "https://example.com/user2",
    "user_trans": "https://example.com/trans2",
    "ton": 23
  },
  {
    "img": "../images/user2.jpg",
    "username": "User3",
    "hash": "1a8724*******2ccfa1ccb",
    "user_account": "https://example.com/user3",
    "user_trans": "https://example.com/trans3",
    "ton": 40
  },
  {
    "img": "../images/user2.jpg",
    "username": "User4",
    "hash": "2b8724*******2ccfa1ccb",
    "user_account": "https://example.com/user4",
    "user_trans": "https://example.com/trans4",
    "ton": 25
  },
  {
    "img": "../images/user2.jpg",
    "username": "User5",
    "hash": "3c8724*******2ccfa1ccb",
    "user_account": "https://example.com/user5",
    "user_trans": "https://example.com/trans5",
    "ton": 50
  },
  {
    "img": "../images/user2.jpg",
    "username": "User6",
    "hash": "4d8724*******2ccfa1ccb",
    "user_account": "https://example.com/user6",
    "user_trans": "https://example.com/trans6",
    "ton": 60
  },
  {
    "img": "../images/user2.jpg",
    "username": "User7",
    "hash": "5e8724*******2ccfa1ccb",
    "user_account": "https://example.com/user7",
    "user_trans": "https://example.com/trans7",
    "ton": 15
  },
  {
    "img": "../images/user2.jpg",
    "username": "User8",
    "hash": "6f8724*******2ccfa1ccb",
    "user_account": "https://example.com/user8",
    "user_trans": "https://example.com/trans8",
    "ton": 45
  },
  {
    "img": "../images/user2.jpg",
    "username": "User9",
    "hash": "7g8724*******2ccfa1ccb",
    "user_account": "https://example.com/user9",
    "user_trans": "https://example.com/trans9",
    "ton": 55
  },
  {
    "img": "../images/user2.jpg",
    "username": "User10",
    "hash": "8h8724*******2ccfa1ccb",
    "user_account": "https://example.com/user10",
    "user_trans": "https://example.com/trans10",
    "ton": 20
  },
  {
    "img": "../images/user2.jpg",
    "username": "User11",
    "hash": "9i8724*******2ccfa1ccb",
    "user_account": "https://example.com/user11",
    "user_trans": "https://example.com/trans11",
    "ton": 35
  },
  {
    "img": "../images/user2.jpg",
    "username": "User12",
    "hash": "10j8724*******2ccfa1ccb",
    "user_account": "https://example.com/user12",
    "user_trans": "https://example.com/trans12",
    "ton": 25
  },
  {
    "img": "../images/user2.jpg",
    "username": "User13",
    "hash": "11k8724*******2ccfa1ccb",
    "user_account": "https://example.com/user13",
    "user_trans": "https://example.com/trans13",
    "ton": 30
  },
  {
    "img": "../images/user2.jpg",
    "username": "User14",
    "hash": "12l8724*******2ccfa1ccb",
    "user_account": "https://example.com/user14",
    "user_trans": "https://example.com/trans14",
    "ton": 45
  },
  {
    "img": "../images/user2.jpg",
    "username": "User15",
    "hash": "13m8724*******2ccfa1ccb",
    "user_account": "https://example.com/user15",
    "user_trans": "https://example.com/trans15",
    "ton": 40
  },
  {
    "img": "../images/user2.jpg",
    "username": "User16",
    "hash": "14n8724*******2ccfa1ccb",
    "user_account": "https://example.com/user16",
    "user_trans": "https://example.com/trans16",
    "ton": 50
  },
  {
    "img": "../images/user2.jpg",
    "username": "User17",
    "hash": "15o8724*******2ccfa1ccb",
    "user_account": "https://example.com/user17",
    "user_trans": "https://example.com/trans17",
    "ton": 20
  },
  {
    "img": "../images/user2.jpg",
    "username": "User18",
    "hash": "16p8724*******2ccfa1ccb",
    "user_account": "https://example.com/user18",
    "user_trans": "https://example.com/trans18",
    "ton": 60
  },
  {
    "img": "../images/user2.jpg",
    "username": "User19",
    "hash": "17q8724*******2ccfa1ccb",
    "user_account": "https://example.com/user19",
    "user_trans": "https://example.com/trans19",
    "ton": 45
  },
  {
    "img": "../images/user2.jpg",
    "username": "User20",
    "hash": "18r8724*******2ccfa1ccb",
    "user_account": "https://example.com/user20",
    "user_trans": "https://example.com/trans20",
    "ton": 30
  },
  {
    "img": "../images/user2.jpg",
    "username": "User21",
    "hash": "19s8724*******2ccfa1ccb",
    "user_account": "https://example.com/user21",
    "user_trans": "https://example.com/trans21",
    "ton": 50
  },
  {
    "img": "../images/user2.jpg",
    "username": "User22",
    "hash": "20t8724*******2ccfa1ccb",
    "user_account": "https://example.com/user22",
    "user_trans": "https://example.com/trans22",
    "ton": 35
  },
  {
    "img": "../images/user2.jpg",
    "username": "User23",
    "hash": "21u8724*******2ccfa1ccb",
    "user_account": "https://example.com/user23",
    "user_trans": "https://example.com/trans23",
    "ton": 25
  },
  {
    "img": "../images/user2.jpg",
    "username": "User24",
    "hash": "22v8724*******2ccfa1ccb",
    "user_account": "https://example.com/user24",
    "user_trans": "https://example.com/trans24",
    "ton": 45
  },


  
  {
    "img": "../images/user2.jpg",
    "username": "User2",
    "hash": "0e8724*******2ccfa1ccb",
    "user_account": "https://example.com/user2",
    "user_trans": "https://example.com/trans2",
    "ton": 23
  },
  {
    "img": "../images/user2.jpg",
    "username": "User3",
    "hash": "1a8724*******2ccfa1ccb",
    "user_account": "https://example.com/user3",
    "user_trans": "https://example.com/trans3",
    "ton": 40
  },
  {
    "img": "../images/user2.jpg",
    "username": "User4",
    "hash": "2b8724*******2ccfa1ccb",
    "user_account": "https://example.com/user4",
    "user_trans": "https://example.com/trans4",
    "ton": 25
  },
  {
    "img": "../images/user2.jpg",
    "username": "User5",
    "hash": "3c8724*******2ccfa1ccb",
    "user_account": "https://example.com/user5",
    "user_trans": "https://example.com/trans5",
    "ton": 50
  },
  {
    "img": "../images/user2.jpg",
    "username": "User6",
    "hash": "4d8724*******2ccfa1ccb",
    "user_account": "https://example.com/user6",
    "user_trans": "https://example.com/trans6",
    "ton": 60
  },
  {
    "img": "../images/user2.jpg",
    "username": "User7",
    "hash": "5e8724*******2ccfa1ccb",
    "user_account": "https://example.com/user7",
    "user_trans": "https://example.com/trans7",
    "ton": 15
  },
  {
    "img": "../images/user2.jpg",
    "username": "User8",
    "hash": "6f8724*******2ccfa1ccb",
    "user_account": "https://example.com/user8",
    "user_trans": "https://example.com/trans8",
    "ton": 45
  },
  {
    "img": "../images/user2.jpg",
    "username": "User9",
    "hash": "7g8724*******2ccfa1ccb",
    "user_account": "https://example.com/user9",
    "user_trans": "https://example.com/trans9",
    "ton": 55
  },
  {
    "img": "../images/user2.jpg",
    "username": "User10",
    "hash": "8h8724*******2ccfa1ccb",
    "user_account": "https://example.com/user10",
    "user_trans": "https://example.com/trans10",
    "ton": 20
  },
  {
    "img": "../images/user2.jpg",
    "username": "User11",
    "hash": "9i8724*******2ccfa1ccb",
    "user_account": "https://example.com/user11",
    "user_trans": "https://example.com/trans11",
    "ton": 35
  },
  {
    "img": "../images/user2.jpg",
    "username": "User12",
    "hash": "10j8724*******2ccfa1ccb",
    "user_account": "https://example.com/user12",
    "user_trans": "https://example.com/trans12",
    "ton": 25
  },
  {
    "img": "../images/user2.jpg",
    "username": "User13",
    "hash": "11k8724*******2ccfa1ccb",
    "user_account": "https://example.com/user13",
    "user_trans": "https://example.com/trans13",
    "ton": 30
  },
  {
    "img": "../images/user2.jpg",
    "username": "User14",
    "hash": "12l8724*******2ccfa1ccb",
    "user_account": "https://example.com/user14",
    "user_trans": "https://example.com/trans14",
    "ton": 45
  },
  {
    "img": "../images/user2.jpg",
    "username": "User15",
    "hash": "13m8724*******2ccfa1ccb",
    "user_account": "https://example.com/user15",
    "user_trans": "https://example.com/trans15",
    "ton": 40
  },
  {
    "img": "../images/user2.jpg",
    "username": "User16",
    "hash": "14n8724*******2ccfa1ccb",
    "user_account": "https://example.com/user16",
    "user_trans": "https://example.com/trans16",
    "ton": 50
  },
  {
    "img": "../images/user2.jpg",
    "username": "User17",
    "hash": "15o8724*******2ccfa1ccb",
    "user_account": "https://example.com/user17",
    "user_trans": "https://example.com/trans17",
    "ton": 20
  },
  {
    "img": "../images/user2.jpg",
    "username": "User18",
    "hash": "16p8724*******2ccfa1ccb",
    "user_account": "https://example.com/user18",
    "user_trans": "https://example.com/trans18",
    "ton": 60
  },
  {
    "img": "../images/user2.jpg",
    "username": "User19",
    "hash": "17q8724*******2ccfa1ccb",
    "user_account": "https://example.com/user19",
    "user_trans": "https://example.com/trans19",
    "ton": 45
  },
  {
    "img": "../images/user2.jpg",
    "username": "User20",
    "hash": "18r8724*******2ccfa1ccb",
    "user_account": "https://example.com/user20",
    "user_trans": "https://example.com/trans20",
    "ton": 30
  },
  {
    "img": "../images/user2.jpg",
    "username": "User21",
    "hash": "19s8724*******2ccfa1ccb",
    "user_account": "https://example.com/user21",
    "user_trans": "https://example.com/trans21",
    "ton": 50
  },
  {
    "img": "../images/user2.jpg",
    "username": "User22",
    "hash": "20t8724*******2ccfa1ccb",
    "user_account": "https://example.com/user22",
    "user_trans": "https://example.com/trans22",
    "ton": 35
  },
  {
    "img": "../images/user2.jpg",
    "username": "User23",
    "hash": "21u8724*******2ccfa1ccb",
    "user_account": "https://example.com/user23",
    "user_trans": "https://example.com/trans23",
    "ton": 25
  },
  {
    "img": "../images/user2.jpg",
    "username": "User24",
    "hash": "22v8724*******2ccfa1ccb",
    "user_account": "https://example.com/user24",
    "user_trans": "https://example.com/trans24",
    "ton": 45
  }
]
