[
  {
    "name": "User1",
    "reward": "0e8724*******2ccfa1ccb",
    "avatar": "../images/toncoin.png",
    "bonus": "+5%",
    "date": "2023-07-01"
  },
  {
    "name": "User2",
    "reward": "0e8724*******2ccfa1ccb",
    "avatar": "../images/toncoin.png",
    "bonus": "+5%",
    "date": "2023-07-02"
  },
  {
    "name": "User3",
    "reward": "0e8724*******2ccfa1ccb",
    "avatar": "../images/toncoin.png",
    "bonus": "+5%",
    "date": "2023-07-03"
  },
  {
    "name": "User4",
    "reward": "0e8724*******2ccfa1ccb",
    "avatar": "../images/toncoin.png",
    "bonus": "+5%",
    "date": "2023-07-04"
  },
  {
    "name": "User5",
    "reward": "0e8724*******2ccfa1ccb",
    "avatar": "../images/toncoin.png",
    "bonus": "+5%",
    "date": "2023-07-05"
  },
  {
    "name": "User6",
    "reward": "0e8724*******2ccfa1ccb",
    "avatar": "../images/toncoin.png",
    "bonus": "+5%",
    "date": "2023-07-06"
  },
  {
    "name": "User7",
    "reward": "0e8724*******2ccfa1ccb",
    "avatar": "../images/toncoin.png",
    "bonus": "+5%",
    "date": "2023-07-07"
  },
  {
    "name": "User8",
    "reward": "0e8724*******2ccfa1ccb",
    "avatar": "../images/toncoin.png",
    "bonus": "+5%",
    "date": "2023-07-08"
  },
  {
    "name": "User9",
    "reward": "0e8724*******2ccfa1ccb",
    "avatar": "../images/toncoin.png",
    "bonus": "+5%",
    "date": "2023-07-09"
  },
  {
    "name": "User10",
    "reward": "0e8724*******2ccfa1ccb",
    "avatar": "../images/toncoin.png",
    "bonus": "+5%",
    "date": "2023-07-10"
  },
  {
    "name": "User11",
    "reward": "0e8724*******2ccfa1ccb",
    "avatar": "../images/toncoin.png",
    "bonus": "+5%",
    "date": "2023-07-11"
  },
  {
    "name": "User12",
    "reward": "0e8724*******2ccfa1ccb",
    "avatar": "../images/toncoin.png",
    "bonus": "+5%",
    "date": "2023-07-12"
  },
  {
    "name": "User13",
    "reward": "0e8724*******2ccfa1ccb",
    "avatar": "../images/toncoin.png",
    "bonus": "+5%",
    "date": "2023-07-13"
  },
  {
    "name": "User14",
    "reward": "0e8724*******2ccfa1ccb",
    "avatar": "../images/toncoin.png",
    "bonus": "+5%",
    "date": "2023-07-14"
  },
  {
    "name": "User15",
    "reward": "0e8724*******2ccfa1ccb",
    "avatar": "../images/toncoin.png",
    "bonus": "+5%",
    "date": "2023-07-15"
  },
  {
    "name": "User16",
    "reward": "0e8724*******2ccfa1ccb",
    "avatar": "../images/toncoin.png",
    "bonus": "+5%",
    "date": "2023-07-16"
  },
  {
    "name": "User17",
    "reward": "0e8724*******2ccfa1ccb",
    "avatar": "../images/toncoin.png",
    "bonus": "+5%",
    "date": "2023-07-17"
  },
  {
    "name": "User18",
    "reward": "0e8724*******2ccfa1ccb",
    "avatar": "../images/toncoin.png",
    "bonus": "+5%",
    "date": "2023-07-18"
  },
  {
    "name": "User19",
    "reward": "0e8724*******2ccfa1ccb",
    "avatar": "../images/toncoin.png",
    "bonus": "+5%",
    "date": "2023-07-19"
  },
  {
    "name": "User20",
    "reward": "0e8724*******2ccfa1ccb",
    "avatar": "../images/toncoin.png",
    "bonus": "+5%",
    "date": "2023-07-20"
  }
]
